{
    "alpha": 0.7962962962962961,
    "ordering_1": {
        "(v_1,u_1)": 1.0,
        "(v_2,u_1)": 1.0,
        "(v_3,u_1)": 1.0
    },
    "ordering_2": {
        "(v_1,u_1)": 1.0,
        "(v_2,u_1)": 1.0,
        "(u_1,v_3)": 0.3333333333333334
    },
    "ordering_3": {
        "(v_1,u_1)": 1.0,
        "(v_2,u_1)": 1.0,
        "(v_3,u_1)": 1.0
    },
    "ordering_4": {
        "(v_1,u_1)": 1.0,
        "(u_1,v_2)": 0.3333333333333334,
        "(v_3,u_1)": 1.0
    },
    "ordering_5": {
        "(v_1,u_1)": 1.0,
        "(u_1,v_2)": 0.6666666666666667,
        "(u_1,v_3)": 0.44444444444444453
    },
    "ordering_6": {
        "(v_1,u_1)": 0.9999999999999964,
        "(u_1,v_2)": 0.44444444444444525,
        "(u_1,v_3)": 0.6666666666666679
    },
    "ordering_7": {
        "(v_1,u_1)": 1.0,
        "(v_2,u_1)": 1.0,
        "(v_3,u_1)": 1.0
    },
    "ordering_8": {
        "(v_1,u_1)": 1.0,
        "(v_2,u_1)": 1.0,
        "(u_1,v_3)": 0.3333333333333334
    },
    "ordering_9": {
        "(v_1,u_1)": 1.0,
        "(v_2,u_1)": 1.0,
        "(v_3,u_1)": 1.0
    },
    "ordering_10": {
        "(u_1,v_1)": 0.3333333333333334,
        "(v_2,u_1)": 1.0,
        "(v_3,u_1)": 1.0
    },
    "ordering_11": {
        "(u_1,v_1)": 0.6666666666666667,
        "(v_2,u_1)": 1.0,
        "(u_1,v_3)": 0.44444444444444453
    },
    "ordering_12": {
        "(u_1,v_1)": 0.4444444444444452,
        "(v_2,u_1)": 0.9999999999999969,
        "(u_1,v_3)": 0.6666666666666677
    },
    "ordering_13": {
        "(v_1,u_1)": 1.0,
        "(v_2,u_1)": 1.0,
        "(v_3,u_1)": 1.0
    },
    "ordering_14": {
        "(v_1,u_1)": 1.0,
        "(u_1,v_2)": 0.3333333333333334,
        "(v_3,u_1)": 1.0
    },
    "ordering_15": {
        "(v_1,u_1)": 1.0,
        "(v_2,u_1)": 1.0,
        "(v_3,u_1)": 1.0
    },
    "ordering_16": {
        "(u_1,v_1)": 0.3333333333333334,
        "(v_2,u_1)": 1.0,
        "(v_3,u_1)": 1.0
    },
    "ordering_17": {
        "(u_1,v_1)": 0.6666666666666667,
        "(u_1,v_2)": 0.44444444444444453,
        "(v_3,u_1)": 1.0
    },
    "ordering_18": {
        "(u_1,v_1)": 0.44444444444444453,
        "(u_1,v_2)": 0.6666666666666667,
        "(v_3,u_1)": 1.0
    },
    "ordering_19": {
        "(u_1,v_1)": 1.0,
        "(u_1,v_2)": 0.6666666666666667,
        "(u_1,v_3)": 0.44444444444444453
    },
    "ordering_20": {
        "(u_1,v_1)": 1.0,
        "(u_1,v_2)": 0.44444444444444453,
        "(u_1,v_3)": 0.6666666666666667
    },
    "ordering_21": {
        "(u_1,v_1)": 0.6666666666666667,
        "(u_1,v_2)": 1.0,
        "(u_1,v_3)": 0.44444444444444453
    },
    "ordering_22": {
        "(u_1,v_1)": 0.44444444444444453,
        "(u_1,v_2)": 1.0,
        "(u_1,v_3)": 0.6666666666666667
    },
    "ordering_23": {
        "(u_1,v_1)": 0.6666666666666667,
        "(u_1,v_2)": 0.44444444444444453,
        "(u_1,v_3)": 1.0
    },
    "ordering_24": {
        "(u_1,v_1)": 0.44444444444444453,
        "(u_1,v_2)": 0.6666666666666667,
        "(u_1,v_3)": 1.0
    }
}