{
    "alpha": 0.8333333333333335,
    "ordering_1": {
        "(v_1,u_1)": 1.0,
        "(v_2,u_1)": 1.0,
        "(v_1,u_2)": 1.0,
        "(v_2,u_2)": 1.0
    },
    "ordering_2": {
        "(v_1,u_1)": 1.0,
        "(v_2,u_1)": 1.0,
        "(v_1,u_2)": 1.0,
        "(v_2,u_2)": 1.0
    },
    "ordering_3": {
        "(v_1,u_1)": 1.0,
        "(u_1,v_2)": 0.5,
        "(v_1,u_2)": 1.0,
        "(v_2,u_2)": 1.0
    },
    "ordering_4": {
        "(v_1,u_1)": 1.0,
        "(u_1,v_2)": 0.5,
        "(v_1,u_2)": 0.9999999999999997,
        "(u_2,v_2)": 0.5000000000000002
    },
    "ordering_5": {
        "(v_1,u_1)": 1.0,
        "(v_2,u_1)": 1.0,
        "(v_1,u_2)": 1.0,
        "(u_2,v_2)": 0.5
    },
    "ordering_6": {
        "(v_1,u_1)": 1.0,
        "(u_1,v_2)": 0.5,
        "(v_1,u_2)": 1.0,
        "(u_2,v_2)": 0.5
    },
    "ordering_7": {
        "(v_1,u_1)": 1.0,
        "(v_2,u_1)": 1.0,
        "(v_1,u_2)": 1.0,
        "(v_2,u_2)": 1.0
    },
    "ordering_8": {
        "(v_1,u_1)": 1.0,
        "(v_2,u_1)": 1.0,
        "(v_1,u_2)": 1.0,
        "(v_2,u_2)": 1.0
    },
    "ordering_9": {
        "(u_1,v_1)": 0.5,
        "(v_2,u_1)": 1.0,
        "(v_1,u_2)": 1.0,
        "(v_2,u_2)": 1.0
    },
    "ordering_10": {
        "(u_1,v_1)": 0.5,
        "(v_2,u_1)": 1.0,
        "(u_2,v_1)": 0.5,
        "(v_2,u_2)": 1.0
    },
    "ordering_11": {
        "(v_1,u_1)": 1.0,
        "(v_2,u_1)": 1.0,
        "(u_2,v_1)": 0.5,
        "(v_2,u_2)": 1.0
    },
    "ordering_12": {
        "(u_1,v_1)": 0.5,
        "(v_2,u_1)": 1.0,
        "(u_2,v_1)": 0.5,
        "(v_2,u_2)": 1.0
    },
    "ordering_13": {
        "(u_1,v_1)": 1.0,
        "(u_1,v_2)": 0.5,
        "(v_1,u_2)": 1.0,
        "(v_2,u_2)": 1.0
    },
    "ordering_14": {
        "(u_1,v_1)": 1.0,
        "(u_1,v_2)": 0.5,
        "(v_1,u_2)": 1.0,
        "(u_2,v_2)": 0.5
    },
    "ordering_15": {
        "(u_1,v_1)": 0.5000000000000009,
        "(u_1,v_2)": 0.9999999999999982,
        "(v_1,u_2)": 1.0,
        "(v_2,u_2)": 1.0
    },
    "ordering_16": {
        "(u_1,v_1)": 0.5,
        "(u_1,v_2)": 1.0,
        "(u_2,v_1)": 0.5,
        "(v_2,u_2)": 1.0
    },
    "ordering_17": {
        "(u_1,v_1)": 1.0,
        "(u_1,v_2)": 0.5,
        "(u_2,v_1)": 1.0,
        "(u_2,v_2)": 0.5
    },
    "ordering_18": {
        "(u_1,v_1)": 0.5,
        "(u_1,v_2)": 1.0,
        "(u_2,v_1)": 0.5,
        "(u_2,v_2)": 1.0
    },
    "ordering_19": {
        "(v_1,u_1)": 1.0,
        "(v_2,u_1)": 1.0,
        "(u_2,v_1)": 1.0,
        "(u_2,v_2)": 0.5
    },
    "ordering_20": {
        "(v_1,u_1)": 1.0,
        "(u_1,v_2)": 0.5,
        "(u_2,v_1)": 1.0,
        "(u_2,v_2)": 0.5
    },
    "ordering_21": {
        "(v_1,u_1)": 1.0,
        "(v_2,u_1)": 1.0,
        "(u_2,v_1)": 0.5,
        "(u_2,v_2)": 1.0
    },
    "ordering_22": {
        "(u_1,v_1)": 0.5,
        "(v_2,u_1)": 1.0,
        "(u_2,v_1)": 0.5,
        "(u_2,v_2)": 1.0
    },
    "ordering_23": {
        "(u_1,v_1)": 1.0,
        "(u_1,v_2)": 0.5,
        "(u_2,v_1)": 1.0,
        "(u_2,v_2)": 0.5
    },
    "ordering_24": {
        "(u_1,v_1)": 0.5,
        "(u_1,v_2)": 1.0,
        "(u_2,v_1)": 0.5000000000000004,
        "(u_2,v_2)": 0.9999999999999991
    }
}