{
    "alpha": 0.6592883564640122,
    "ordering_1": {
        "v_1,u_1": 1.0,
        "u_1,v_2": 0.99,
        "u_1,v_3": 0.9801,
        "u_1,v_4": 0.970299,
        "u_1,v_5": 0.9605960100000001,
        "u_1,v_6": 0.9509900499,
        "u_1,v_7": 0.941480149401,
        "u_1,v_8": 0.93206534790699,
        "u_1,v_9": 0.9227446944279202,
        "u_1,v_10": 0.9135172474836409,
        "u_1,v_11": 0.9043820750088045,
        "u_1,v_12": 0.8953382542587165,
        "u_1,v_13": 0.8863848717161293,
        "u_1,v_14": 0.8775210229989681,
        "u_1,v_15": 0.8687458127689783,
        "u_1,v_16": 0.8600583546412885,
        "u_1,v_17": 0.8514577710948756,
        "u_1,v_18": 0.8429431933839269,
        "u_1,v_19": 0.8345137614500876,
        "u_1,v_20": 0.8261686238355868,
        "u_1,v_21": 0.8179069375972309,
        "u_1,v_22": 0.8097278682212585,
        "u_1,v_23": 0.801630589539046,
        "u_1,v_24": 0.7936142836436555,
        "u_1,v_25": 0.785678140807219,
        "u_1,v_26": 0.7778213593991468,
        "u_1,v_27": 0.7700431458051553,
        "u_1,v_28": 0.7623427143471038,
        "u_1,v_29": 0.7547192872036327,
        "u_1,v_30": 0.7471720943315964,
        "u_1,v_31": 0.7397003733882804,
        "u_1,v_32": 0.7323033696543976,
        "u_1,v_33": 0.7249803359578536,
        "u_1,v_34": 0.717730532598275,
        "u_1,v_35": 0.7105532272722923,
        "u_1,v_36": 0.7034476949995694,
        "u_1,v_37": 0.6964132180495737,
        "u_1,v_38": 0.6894490858690779,
        "u_1,v_39": 0.6825545950103872,
        "u_1,v_40": 0.6757290490602833,
        "u_1,v_41": 0.6689717585696805,
        "u_1,v_42": 0.6622820409839837,
        "u_1,v_43": 0.6556592205741438,
        "u_1,v_44": 0.6491026283684024,
        "u_1,v_45": 0.6426116020847183,
        "u_1,v_46": 0.6361854860638712,
        "u_1,v_47": 0.6298236312032325,
        "u_1,v_48": 0.6235253948912002,
        "u_1,v_49": 0.6172901409422882,
        "u_1,v_50": 0.6111172395328653,
        "u_1,v_51": 0.6050060671375367,
        "u_1,v_52": 0.5989560064661613,
        "u_1,v_53": 0.5929664464014998,
        "u_1,v_54": 0.5870367819374848,
        "u_1,v_55": 0.5811664141181099,
        "u_1,v_56": 0.5753547499769288,
        "u_1,v_57": 0.5696012024771595,
        "u_1,v_58": 0.563905190452388,
        "u_1,v_59": 0.5582661385478641,
        "u_1,v_60": 0.5526834771623854,
        "u_1,v_61": 0.5471566423907616,
        "u_1,v_62": 0.5416850759668539,
        "u_1,v_63": 0.5362682252071853,
        "u_1,v_64": 0.5309055429551135,
        "u_1,v_65": 0.5255964875255623,
        "u_1,v_66": 0.5203405226503067,
        "u_1,v_67": 0.5151371174238036,
        "u_1,v_68": 0.5099857462495656,
        "u_1,v_69": 0.50488588878707,
        "u_1,v_70": 0.49983702989919926,
        "u_1,v_71": 0.4948386596002073,
        "u_1,v_72": 0.48989027300420523,
        "u_1,v_73": 0.48499137027416317,
        "u_1,v_74": 0.48014145657142154,
        "u_1,v_75": 0.47534004200570734,
        "u_1,v_76": 0.4705866415856503,
        "u_1,v_77": 0.46588077516979376,
        "u_1,v_78": 0.46122196741809585,
        "u_1,v_79": 0.4566097477439149,
        "u_1,v_80": 0.45204365026647575,
        "u_1,v_81": 0.447523213763811,
        "u_1,v_82": 0.44304798162617287,
        "u_1,v_83": 0.43861750180991116,
        "u_1,v_84": 0.43423132679181203,
        "u_1,v_85": 0.4298890135238939,
        "u_1,v_86": 0.425590123388655,
        "u_1,v_87": 0.42133422215476846,
        "u_1,v_88": 0.4171208799332208,
        "u_1,v_89": 0.4129496711338886,
        "u_1,v_90": 0.4088201744225497,
        "u_1,v_91": 0.4047319726783242,
        "u_1,v_92": 0.400684652951541,
        "u_1,v_93": 0.3966778064220256,
        "u_1,v_94": 0.39271102835780536,
        "u_1,v_95": 0.3887839180742273,
        "u_1,v_96": 0.38489607889348504,
        "u_1,v_97": 0.38104711810455016,
        "u_1,v_98": 0.37723664692350467,
        "u_1,v_99": 0.3734642804542696,
        "u_1,v_100": 0.3697296376497269,
        "v_1,u_2": 0.9695582734298416,
        "v_2,u_2": 0.966032834647032,
        "v_3,u_2": 0.9624717853714662,
        "v_4,u_2": 0.9588747659011982,
        "v_5,u_2": 0.9552414129009271,
        "v_6,u_2": 0.9515713593652995,
        "v_7,u_2": 0.9478642345818374,
        "v_8,u_2": 0.9441196640934928,
        "v_9,u_2": 1.0,
        "v_10,u_2": 0.937119323065588,
        "v_11,u_2": 1.0,
        "v_12,u_2": 1.0,
        "v_13,u_2": 1.0,
        "v_14,u_2": 1.0,
        "v_15,u_2": 1.0,
        "v_16,u_2": 1.0,
        "v_17,u_2": 1.0,
        "v_18,u_2": 1.0,
        "v_19,u_2": 1.0,
        "v_20,u_2": 1.0,
        "v_21,u_2": 1.0,
        "v_22,u_2": 0.8978688055699252,
        "v_23,u_2": 1.0,
        "v_24,u_2": 1.0,
        "v_25,u_2": 1.0,
        "v_26,u_2": 1.0,
        "v_27,u_2": 0.8807474443671959,
        "v_28,u_2": 0.8763249265029448,
        "v_29,u_2": 1.0,
        "v_30,u_2": 0.8686397901458428,
        "v_31,u_2": 1.0,
        "v_32,u_2": 1.0,
        "v_33,u_2": 1.0,
        "v_34,u_2": 1.0,
        "v_35,u_2": 0.8512231863630724,
        "v_36,u_2": 1.0,
        "v_37,u_2": 0.8432844970752643,
        "v_38,u_2": 0.8384835656020051,
        "v_39,u_2": 1.0,
        "v_40,u_2": 0.8304161932762066,
        "v_41,u_2": 1.0,
        "v_42,u_2": 1.0,
        "v_43,u_2": 1.0,
        "v_44,u_2": 1.0,
        "v_45,u_2": 1.0,
        "v_46,u_2": 1.0,
        "v_47,u_2": 0.8061775993648939,
        "v_48,u_2": 0.8010018507430439,
        "v_49,u_2": 1.0,
        "v_50,u_2": 1.0,
        "u_2,v_51": 0.519129784876329,
        "u_2,v_52": 0.5139384870275657,
        "u_2,v_53": 0.31857671292802436,
        "u_2,v_54": 0.31857671292802436,
        "u_2,v_55": 0.31857671292802436,
        "u_2,v_56": 0.31857671292802436,
        "u_2,v_57": 0.31857671292802436,
        "u_2,v_58": 0.492870266510889,
        "u_2,v_59": 0.31857671292802436,
        "u_2,v_60": 0.4847557967164998,
        "u_2,v_61": 0.31857671292802436,
        "u_2,v_62": 0.31857671292802436,
        "u_2,v_63": 0.31857671292802436,
        "u_2,v_64": 0.31857671292802436,
        "u_2,v_65": 0.46716517023221404,
        "u_2,v_66": 0.4624935185298919,
        "u_2,v_67": 0.31857671292802436,
        "u_2,v_68": 0.31857671292802436,
        "u_2,v_69": 0.45149704908603217,
        "u_2,v_70": 0.31857671292802436,
        "u_2,v_71": 0.31857671292802436,
        "u_2,v_72": 0.44061054433661195,
        "u_2,v_73": 0.31857671292802436,
        "u_2,v_74": 0.43301867176396536,
        "u_2,v_75": 0.31857671292802436,
        "u_2,v_76": 0.4255027179170458,
        "u_2,v_77": 0.4212476907378748,
        "u_2,v_78": 0.41703521383049663,
        "u_2,v_79": 0.41286486169219166,
        "u_2,v_80": 0.40873621307526975,
        "u_2,v_81": 0.31857671292802436,
        "u_2,v_82": 0.40146308381523654,
        "u_2,v_83": 0.31857671292802436,
        "u_2,v_84": 0.39426268584780433,
        "u_2,v_85": 0.3903200589893263,
        "u_2,v_86": 0.31857671292802436,
        "u_2,v_87": 0.31857671292802436,
        "u_2,v_88": 0.38004532414087266,
        "u_2,v_89": 0.31857671292802436,
        "u_2,v_90": 0.3730591037701837,
        "u_2,v_91": 0.31857671292802436,
        "u_2,v_92": 0.3661427456032017,
        "u_2,v_93": 0.31857671292802436,
        "u_2,v_94": 0.31857671292802436,
        "u_2,v_95": 0.31857671292802436,
        "u_2,v_96": 0.3529240167593291,
        "u_2,v_97": 0.3493947765917358,
        "u_2,v_98": 0.31857671292802436,
        "u_2,v_99": 0.3427150616965384,
        "u_2,v_100": 0.3392879110795731
    },
    "ordering_2": {
        "u_1,v_1": 0.3185767129280248,
        "v_2,u_1": 0.3285767129280244,
        "v_3,u_1": 0.3384767129280244,
        "v_4,u_1": 0.34827771292802434,
        "v_5,u_1": 0.3579807029280243,
        "v_6,u_1": 0.36758666302802434,
        "v_7,u_1": 0.37709656352702436,
        "v_8,u_1": 0.38651136502103434,
        "v_9,u_1": 0.3958320185001042,
        "v_10,u_1": 0.4050594654443834,