{
    "alpha": 0.6597339760275142,
    "ordering_1": {
        "v_1,u_1": 1.0,
        "v_2,u_1": 1.0,
        "v_3,u_1": 1.0,
        "v_4,u_1": 1.0,
        "v_5,u_1": 1.0,
        "v_6,u_1": 1.0,
        "v_7,u_1": 1.0,
        "v_8,u_1": 1.0,
        "v_9,u_1": 1.0,
        "v_10,u_1": 1.0,
        "u_1,v_11": 0.8999999999999999,
        "u_1,v_12": 0.8909999999999999,
        "u_1,v_13": 0.8820899999999999,
        "u_1,v_14": 0.8732690999999999,
        "u_1,v_15": 0.864536409,
        "u_1,v_16": 0.8558910449099999,
        "u_1,v_17": 0.8473321344608999,
        "u_1,v_18": 0.838858813116291,
        "u_1,v_19": 0.830470224985128,
        "u_1,v_20": 0.8221655227352768,
        "u_1,v_21": 0.813943867507924,
        "u_1,v_22": 0.8058044288328448,
        "u_1,v_23": 0.7977463845445163,
        "u_1,v_24": 0.7897689206990711,
        "u_1,v_25": 0.7818712314920804,
        "u_1,v_26": 0.7740525191771596,
        "u_1,v_27": 0.766311993985388,
        "u_1,v_28": 0.758648874045534,
        "u_1,v_29": 0.7510623853050787,
        "u_1,v_30": 0.743551761452028,
        "u_1,v_31": 0.7361162438375076,
        "u_1,v_32": 0.7287550813991326,
        "u_1,v_33": 0.7214675305851412,
        "u_1,v_34": 0.7142528552792898,
        "u_1,v_35": 0.707110326726497,
        "u_1,v_36": 0.700039223459232,
        "u_1,v_37": 0.6930388312246396,
        "u_1,v_38": 0.6861084429123933,
        "u_1,v_39": 0.6792473584832693,
        "u_1,v_40": 0.6724548848984366,
        "u_1,v_41": 0.6657303360494523,
        "u_1,v_42": 0.6590730326889578,
        "u_1,v_43": 0.6524823023620682,
        "u_1,v_44": 0.6459574793384475,
        "u_1,v_45": 0.6394979045450631,
        "u_1,v_46": 0.6331029254996124,
        "u_1,v_47": 0.6267718962446163,
        "u_1,v_48": 0.6205041772821701,
        "u_1,v_49": 0.6142991355093484,
        "u_1,v_50": 0.608156144154255,
        "u_1,v_51": 0.6020745827127124,
        "u_1,v_52": 0.5960538368855853,
        "u_1,v_53": 0.5900932985167294,
        "u_1,v_54": 0.5841923655315622,
        "u_1,v_55": 0.5783504418762465,
        "u_1,v_56": 0.572566937457484,
        "u_1,v_57": 0.5668412680829091,
        "u_1,v_58": 0.5611728554020801,
        "u_1,v_59": 0.5555611268480593,
        "u_1,v_60": 0.5500055155795787,
        "u_1,v_61": 0.5445054604237829,
        "u_1,v_62": 0.5390604058195451,
        "u_1,v_63": 0.5336698017613496,
        "u_1,v_64": 0.5283331037437361,
        "u_1,v_65": 0.5230497727062987,
        "u_1,v_66": 0.5178192749792357,
        "u_1,v_67": 0.5126410822294434,
        "u_1,v_68": 0.5075146714071489,
        "u_1,v_69": 0.5024395246930774,
        "u_1,v_70": 0.49741512944614663,
        "u_1,v_71": 0.49244097815168514,
        "u_1,v_72": 0.48751656837016827,
        "u_1,v_73": 0.4826414026864666,
        "u_1,v_74": 0.4778149886596019,
        "u_1,v_75": 0.4730368387730059,
        "u_1,v_76": 0.46830647038527584,
        "u_1,v_77": 0.4636234056814231,
        "u_1,v_78": 0.45898717162460884,
        "u_1,v_79": 0.45439729990836275,
        "u_1,v_80": 0.44985332690927915,
        "u_1,v_81": 0.4453547936401864,
        "u_1,v_82": 0.44090124570378453,
        "u_1,v_83": 0.4364922332467467,
        "u_1,v_84": 0.4321273109142792,
        "u_1,v_85": 0.42780603780513643,
        "u_1,v_86": 0.4235279774270851,
        "u_1,v_87": 0.41929269765281424,
        "u_1,v_88": 0.4150997706762861,
        "u_1,v_89": 0.41094877296952326,
        "u_1,v_90": 0.40683928523982804,
        "u_1,v_91": 0.40277089238742975,
        "u_1,v_92": 0.3987431834635555,
        "u_1,v_93": 0.3947557516289199,
        "u_1,v_94": 0.3908081941126307,
        "u_1,v_95": 0.3869001121715044,
        "u_1,v_96": 0.3830311110497893,
        "u_1,v_97": 0.3792007999392914,
        "u_1,v_98": 0.3754087919398985,
        "u_1,v_99": 0.37165470402049955,
        "u_1,v_100": 0.36793815698029453
    },
    "ordering_2": {
        "u_1,v_1": 0.31946795205502854,
        "u_1,v_2": 0.3194679520550283,
        "u_1,v_3": 0.3194679520550283,
        "u_1,v_4": 0.3194679520550283,
        "u_1,v_5": 0.3194679520550283,
        "u_1,v_6": 0.3194679520550283,
        "u_1,v_7": 0.3194679520550283,
        "u_1,v_8": 0.3194679520550283,
        "u_1,v_9": 0.3194679520550283,
        "u_1,v_10": 0.3194679520550283,
        "v_11,u_1": 0.4194679520550284,
        "v_12,u_1": 0.4284679520550284,
        "v_13,u_1": 0.4373779520550284,
        "v_14,u_1": 0.4461988520550284,
        "v_15,u_1": 0.45493154305502836,
        "v_16,u_1": 0.4635769071450284,
        "v_17,u_1": 0.47213581759412837,
        "v_18,u_1": 0.48060913893873736,
        "v_19,u_1": 0.4889977270699003,
        "v_20,u_1": 0.49730242931975155,
        "v_21,u_1": 0.5055240845471043,
        "v_22,u_1": 0.5136635232221836,
        "v_23,u_1": 0.521721567510512,
        "v_24,u_1": 0.5296990313559572,
        "v_25,u_1": 0.5375967205629479,
        "v_26,u_1": 0.5454154328778688,
        "v_27,u_1": 0.5531559580696404,
        "v_28,u_1": 0.5608190780094943,
        "v_29,u_1": 0.5684055667499496,
        "v_30,u_1": 0.5759161906030004,
        "v_31,u_1": 0.5833517082175207,
        "v_32,u_1": 0.5907128706558957,
        "v_33,u_1": 0.5980004214698871,
        "v_34,u_1": 0.6052150967757385,
        "v_35,u_1": 0.6123576253285313,
        "v_36,u_1": 0.6194287285957963,
        "v_37,u_1": 0.6264291208303887,
        "v_38,u_1": 0.6333595091426351,
        "v_39,u_1": 0.640220593571759,
        "v_40,u_1": 0.6470130671565917,
        "v_41,u_1": 0.653737616005576,
        "v_42,u_1": 0.6603949193660705,
        "v_43,u_1": 0.6669856496929601,
        "v_44,u_1": 0.6735104727165808,
        "v_45,u_1": 0.6799700475099653,
        "v_46,u_1": 0.6863650265554159,
        "v_47,u_1": 0.692696055810412,
        "v_48,u_1": 0.6989637747728582,
        "v_49,u_1": 0.7051688165456799,
        "v_50,u_1": 0.7113118079007733,
        "v_51,u_1": 0.7173933693423159,
        "v_52,u_1": 0.723414115169443,
        "v_53,u_1": 0.7293746535382989,
        "v_54,u_1": 0.7352755865234661,
        "v_55,u_1": 0.7411175101787818,
        "v_56,u_1": 0.7469010145975443,
        "v_57,u_1": 0.7526266839721192,
        "v_58,u_1": 0.7582950966529483,
        "v_59,u_1": 0.7639068252069691,
        "v_60,u_1": 0.7694624364754497,
        "v_61,u_1": 0.7749624916312454,
        "v_62,u_1": 0.7804075462354833,
        "v_63,u_1": 0.7857981502936787,
        "v_64,u_1": 0.7911348483112922,
        "v_65,u_1": 0.7964181793487296,
        "v_66,u_1": 0.8016486770757926,
        "v_67,u_1": 0.8068268698255849,
        "v_68,u_1": 0.8119532806478794,
        "v_69,u_1": 0.8170284273619509,
        "v_70,u_1": 0.8220528226088817,
        "v_71,u_1": 0.8270269739033431,
        "v_72,u_1": 0.83195138368486,
        "v_73,u_1": 0.8368265493685617,
        "v_74,u_1": 0.8416529633954264,
        "v_75,u_1": 0.8464311132820224,
        "v_76,u_1": 0.8511614816697525,
        "v_77,u_1": 0.8558445463736053,
        "v_78,u_1": 0.8604807804304195,
        "v_79,u_1": 0.8650706521466656,
        "v_80,u_1": 0.8696146251457492,
        "v_81,u_1": 0.8741131584148419,
        "v_82,u_1": 0.8785667063512438,
        "v_83,u_1": 0.8829757188082816,
        "v_84,u_1": 0.8873406411407492,
        "v_85,u_1": 0.8916619142498918,
        "v_86,u_1": 0.8959399746279433,
        "v_87,u_1": 0.9001752544022141,
        "v_88,u_1": 0.9043681813787422,
        "v_89,u_1": 0.9085191790855051,
        "v_90,u_1": 0.9126286668152003,
        "v_91,u_1": 0.9166970596675985,
        "v_92,u_1": 0.9207247685914728,
        "v_93,u_1": 0.9247122004261084,
        "v_94,u_1": 0.9286597579423976,
        "v_95,u_1": 0.932567839883524,
        "v_96,u_1": 0.936436841005239,
        "v_97,u_1": 0.9402671521157369,
        "v_98,u_1": 0.9440591601151298,
        "v_99,u_1": 0.9478132480345287,
        "v_100,u_1": 0.9515297950747338
    }
}