{
    "alpha": 0.6714004105,
    "ordering_1": {
        "v_1,u_1": 1.0,
        "u_1,v_2": 0.9,
        "u_1,v_3": 0.81,
        "u_1,v_4": 0.7290000000000001,
        "u_1,v_5": 0.6561000000000001,
        "u_1,v_6": 0.5904900000000001,
        "u_1,v_7": 0.531441,
        "u_1,v_8": 0.4782969,
        "u_1,v_9": 0.43046721,
        "u_1,v_10": 0.387420489
    },
    "ordering_2": {
        "u_1,v_1": 0.3428008209999999,
        "v_2,u_1": 0.44280082099999996,
        "v_3,u_1": 0.5328008209999999,
        "v_4,u_1": 0.6138008209999999,
        "v_5,u_1": 0.6867008209999999,
        "v_6,u_1": 0.7523108209999999,
        "v_7,u_1": 0.8113598209999999,
        "v_8,u_1": 0.864503921,
        "v_9,u_1": 0.912333611,
        "v_10,u_1": 0.955380332
    }
}