{
    "alpha": 0.6677852348993285,
    "ordering_1": {
        "v_1,u_1": 1.0,
        "v_2,u_1": 1.0,
        "v_3,u_1": 1.0,
        "v_4,u_1": 1.0,
        "v_5,u_1": 1.0,
        "v_6,u_1": 1.0,
        "v_7,u_1": 1.0,
        "v_8,u_1": 1.0,
        "v_9,u_1": 1.0,
        "v_10,u_1": 1.0,
        "v_11,u_1": 1.0,
        "v_12,u_1": 1.0,
        "v_13,u_1": 1.0,
        "v_14,u_1": 1.0,
        "v_15,u_1": 1.0,
        "v_16,u_1": 1.0,
        "v_17,u_1": 1.0,
        "v_18,u_1": 1.0,
        "v_19,u_1": 1.0,
        "v_20,u_1": 1.0,
        "v_21,u_1": 1.0,
        "v_22,u_1": 1.0,
        "v_23,u_1": 1.0,
        "v_24,u_1": 1.0,
        "v_25,u_1": 1.0,
        "v_26,u_1": 1.0,
        "v_27,u_1": 1.0,
        "v_28,u_1": 1.0,
        "v_29,u_1": 1.0,
        "v_30,u_1": 1.0,
        "v_31,u_1": 1.0,
        "v_32,u_1": 1.0,
        "v_33,u_1": 1.0,
        "v_34,u_1": 1.0,
        "v_35,u_1": 1.0,
        "v_36,u_1": 1.0,
        "v_37,u_1": 1.0,
        "v_38,u_1": 1.0,
        "v_39,u_1": 1.0,
        "v_40,u_1": 1.0,
        "u_1,v_41": 0.5999999999999996,
        "u_1,v_42": 0.5939999999999996,
        "u_1,v_43": 0.5880599999999997,
        "u_1,v_44": 0.5821793999999997,
        "u_1,v_45": 0.5763576059999996,
        "u_1,v_46": 0.5705940299399996,
        "u_1,v_47": 0.5648880896405997,
        "u_1,v_48": 0.5592392087441936,
        "u_1,v_49": 0.5536468166567518,
        "u_1,v_50": 0.5481103484901843,
        "u_1,v_51": 0.3355704697986572,
        "u_1,v_52": 0.3355704697986572,
        "u_1,v_53": 0.5359178356093094,
        "u_1,v_54": 0.5305586572532163,
        "u_1,v_55": 0.525253070680684,
        "u_1,v_56": 0.5200005399738772,
        "u_1,v_57": 0.5148005345741384,
        "u_1,v_58": 0.5096525292283971,
        "u_1,v_59": 0.43866505705836756,
        "u_1,v_60": 0.5001693533655294,
        "u_1,v_61": 0.4951676598318741,
        "u_1,v_62": 0.49021598323355536,
        "u_1,v_63": 0.4853138234012198,
        "u_1,v_64": 0.48046068516720764,
        "u_1,v_65": 0.4756560783155356,
        "u_1,v_66": 0.33557046979865746,
        "u_1,v_67": 0.46754381283439367,
        "u_1,v_68": 0.46286837470604975,
        "u_1,v_69": 0.45823969095898925,
        "u_1,v_70": 0.45365729404939936,
        "u_1,v_71": 0.4491207211089054,
        "u_1,v_72": 0.44462951389781635,
        "u_1,v_73": 0.4401832187588382,
        "u_1,v_74": 0.4357813865712498,
        "u_1,v_75": 0.43142357270553733,
        "u_1,v_76": 0.42710933697848197,
        "u_1,v_77": 0.42283824360869715,
        "u_1,v_78": 0.4186098611726102,
        "u_1,v_79": 0.4144237625608841,
        "u_1,v_80": 0.41027952493527525,
        "u_1,v_81": 0.4061767296859225,
        "u_1,v_82": 0.4021149623890633,
        "u_1,v_83": 0.3980938127651727,
        "u_1,v_84": 0.394112874637521,
        "u_1,v_85": 0.3901717458911458,
        "u_1,v_86": 0.38627002843223435,
        "u_1,v_87": 0.382407328147912,
        "u_1,v_88": 0.3785832548664329,
        "u_1,v_89": 0.3747974223177686,
        "u_1,v_90": 0.3710494480945909,
        "u_1,v_91": 0.367338953613645,
        "u_1,v_92": 0.36366556407750855,
        "u_1,v_93": 0.36002890843673346,
        "u_1,v_94": 0.35642861935236614,
        "u_1,v_95": 0.35286433315884247,
        "u_1,v_96": 0.34933568982725405,
        "u_1,v_97": 0.34584233292898153,
        "u_1,v_98": 0.3423839095996917,
        "u_1,v_99": 0.3389600705036948,
        "u_1,v_100": 0.335570469798657
    },
    "ordering_2": {
        "u_1,v_1": 0.335570469798657,
        "u_1,v_2": 0.335570469798657,
        "u_1,v_3": 0.335570469798657,
        "u_1,v_4": 0.335570469798657,
        "u_1,v_5": 0.335570469798657,
        "u_1,v_6": 0.335570469798657,
        "u_1,v_7": 0.335570469798657,
        "u_1,v_8": 0.335570469798657,
        "u_1,v_9": 0.335570469798657,
        "u_1,v_10": 0.335570469798657,
        "u_1,v_11": 0.335570469798657,
        "u_1,v_12": 0.335570469798657,
        "u_1,v_13": 0.335570469798657,
        "u_1,v_14": 0.335570469798657,
        "u_1,v_15": 0.335570469798657,
        "u_1,v_16": 0.335570469798657,
        "u_1,v_17": 0.335570469798657,
        "u_1,v_18": 0.335570469798657,
        "u_1,v_19": 0.335570469798657,
        "u_1,v_20": 0.335570469798657,
        "u_1,v_21": 0.335570469798657,
        "u_1,v_22": 0.335570469798657,
        "u_1,v_23": 0.335570469798657,
        "u_1,v_24": 0.335570469798657,
        "u_1,v_25": 0.335570469798657,
        "u_1,v_26": 0.335570469798657,
        "u_1,v_27": 0.335570469798657,
        "u_1,v_28": 0.335570469798657,
        "u_1,v_29": 0.335570469798657,
        "u_1,v_30": 0.335570469798657,
        "u_1,v_31": 0.335570469798657,
        "u_1,v_32": 0.335570469798657,
        "u_1,v_33": 0.335570469798657,
        "u_1,v_34": 0.335570469798657,
        "u_1,v_35": 0.335570469798657,
        "u_1,v_36": 0.335570469798657,
        "u_1,v_37": 0.335570469798657,
        "u_1,v_38": 0.335570469798657,
        "u_1,v_39": 0.335570469798657,
        "u_1,v_40": 0.335570469798657,
        "v_41,u_1": 0.7355704697986574,
        "v_42,u_1": 0.7415704697986574,
        "v_43,u_1": 0.7475104697986573,
        "v_44,u_1": 0.7533910697986573,
        "v_45,u_1": 0.7592128637986574,
        "v_46,u_1": 0.7649764398586574,
        "v_47,u_1": 0.7706823801580573,
        "v_48,u_1": 0.7763312610544634,
        "v_49,u_1": 0.7819236531419053,
        "v_50,u_1": 0.7874601213084728,
        "v_51,u_1": 1.0,
        "v_52,u_1": 1.0,
        "v_53,u_1": 0.7996526341893476,
        "v_54,u_1": 0.8050118125454407,
        "v_55,u_1": 0.810317399117973,
        "v_56,u_1": 0.8155699298247798,
        "v_57,u_1": 0.8207699352245186,
        "v_58,u_1": 0.8259179405702599,
        "v_59,u_1": 0.8969054127402895,
        "v_60,u_1": 0.8354011164331276,
        "v_61,u_1": 0.8404028099667828,
        "v_62,u_1": 0.8453544865651017,
        "v_63,u_1": 0.8502566463974373,
        "v_64,u_1": 0.8551097846314494,
        "v_65,u_1": 0.8599143914831214,
        "v_66,u_1": 1.0,
        "v_67,u_1": 0.8680266569642634,
        "v_68,u_1": 0.8727020950926072,
        "v_69,u_1": 0.8773307788396678,
        "v_70,u_1": 0.8819131757492576,
        "v_71,u_1": 0.8864497486897516,
        "v_72,u_1": 0.8909409559008407,
        "v_73,u_1": 0.8953872510398189,
        "v_74,u_1": 0.8997890832274071,
        "v_75,u_1": 0.9041468970931197,
        "v_76,u_1": 0.908461132820175,
        "v_77,u_1": 0.9127322261899599,
        "v_78,u_1": 0.9169606086260469,
        "v_79,u_1": 0.9211467072377729,
        "v_80,u_1": 0.9252909448633817,
        "v_81,u_1": 0.9293937401127346,
        "v_82,u_1": 0.9334555074095937,
        "v_83,u_1": 0.9374766570334843,
        "v_84,u_1": 0.941457595161136,
        "v_85,u_1": 0.9453987239075112,
        "v_86,u_1": 0.9493004413664227,
        "v_87,u_1": 0.953163141650745,
        "v_88,u_1": 0.956987214932224,
        "v_89,u_1": 0.9607730474808884,
        "v_90,u_1": 0.9645210217040661,
        "v_91,u_1": 0.968231516185012,
        "v_92,u_1": 0.9719049057211484,
        "v_93,u_1": 0.9755415613619236,
        "v_94,u_1": 0.9791418504462909,
        "v_95,u_1": 0.9827061366398145,
        "v_96,u_1": 0.986234779971403,
        "v_97,u_1": 0.9897281368696755,
        "v_98,u_1": 0.9931865601989653,
        "v_99,u_1": 0.9966103992949622,
        "v_100,u_1": 1.0
    }
}