{
    "alpha": 0.6785714285714287,
    "ordering_1": {
        "v_1,u_1": 1.0,
        "v_2,u_1": 1.0,
        "v_3,u_1": 1.0,
        "v_4,u_1": 1.0,
        "u_1,v_5": 0.6000000000000001,
        "u_1,v_6": 0.54,
        "u_1,v_7": 0.48600000000000004,
        "u_1,v_8": 0.4374,
        "u_1,v_9": 0.3651714285714269,
        "u_1,v_10": 0.3571428571428573
    },
    "ordering_2": {
        "u_1,v_1": 0.35714285714285743,
        "u_1,v_2": 0.35714285714285743,
        "u_1,v_3": 0.35714285714285743,
        "u_1,v_4": 0.35714285714285743,
        "v_5,u_1": 0.7571428571428573,
        "v_6,u_1": 0.8171428571428574,
        "v_7,u_1": 0.8711428571428574,
        "v_8,u_1": 0.9197428571428574,
        "v_9,u_1": 0.9919714285714277,
        "v_10,u_1": 1.0
    }
}