{
    "alpha": 0.5263157894736841,
    "ordering": {
        "v_1,u_1": 0.526315789473684,
        "v_2,u_1": 0.5263157894736841,
        "v_3,u_1": 0.5263157894736841,
        "v_4,u_1": 0.5263157894736841,
        "u_1,v_5": 0.5263157894736841,
        "u_1,v_6": 0.5263157894736841,
        "u_1,v_7": 0.5263157894736841,
        "u_1,v_8": 0.5263157894736841,
        "u_1,v_9": 0.5263157894736841,
        "u_1,v_10": 0.5263157894736841
    }
}